('árpagyöngy',1464,350,9,1.4,75,3,120,43,20,NULL,0.2),
('árpapehely',1537,368,12,2,75,5,289,25.7,86.1,NULL,NULL),
('barnarizs',1584,379,6.7,2.8,81.3,3,250,10,110,NULL,NULL),
('burgonyakeményítõ',1409,337,0.6,0.1,83.1,8,15,35,NULL,NULL,NULL),
('búzacsíra',1428,342,25,8,42,5,837,69,250,NULL,11.7),
('búzadara',1429,342,9.4,1,73.4,3,330,19,40,NULL,1),
('búzakeményítõ',1398,334,0.4,0.1,82.5,2,16,NULL,NULL,NULL,NULL),
('búzakorpa',706,169,14.9,4.7,16.7,2,1390,43,590,833,2.8),
('búzaliszt',1461,350,12.3,1.3,76.3,3,140,13,20,3,0.4),
('búzapehely',1342,321,12.5,1.5,64,1,343,29.7,108.8,NULL,NULL),
('durum liszt',1493,357,12.5,1.5,73,1,81,19.9,35.9,NULL,NULL),
('grahamliszt',1392,333,14.4,1.8,64.4,3,140,39,20,3,1.5),
('hajdina',1427,341,9.8,1.7,71.3,NULL,324,21,85,NULL,0.1),
('köles',1462,350,9.5,3.9,68.8,3,220,25,170,NULL,0.1),
('kukoricadara',1458,349,9.6,3.1,70.2,50,60,22,7,50,1.3),
('kukoricaliszt',1458,349,9.6,3.1,70.2,50,60,22,7,50,1.3),
('kukoricapehely',1546,370,7.7,0.6,83,910,139,13,14,NULL,0),
('natúr müzli',1421,340,8.5,2.7,70,37,357,58.4,109.1,NULL,NULL),
('puffasztott búzaszelet',1421,340,13.9,2.6,64.8,8,559,44.7,202.6,91,3.5),
('rizs',1471,352,8,0.3,77.5,6,112,8,13,NULL,0.1),
('rozsliszt',1446,346,10,1.1,73.6,10,150,30,25,17,2.6),
('rozspehely',1233,295,8.8,1.7,60.7,40,510,64,120,NULL,NULL),
('zabkorpa',1423,340,15.3,5.5,57,2,444,82.9,171.7,NULL,NULL),
('zabpehely',1579,378,14.4,6.8,64.3,30,350,71,110,NULL,1.5),
('zsemlemorzsa',1437,344,10.2,0.9,73.3,780,138,29,35,NULL,0.4),
('zsírtalan szójaliszt',1386,332,47,2,31,4,1800,200,240,NULL,NULL),
('burgonyás kenyér',1081,259,10.8,1.7,49.7,790,322,17.8,5,0,2.6),
('félbarna kenyér',1081,259,9.8,1,52.3,800,117,20,72,NULL,0.3),
('kenyér',1050,251,10,0.8,53.5,808,117,20,48,NULL,0.3),
('bakonyi barna kenyér',1023,245,8.5,0.8,50.6,467,125,28.6,24,NULL,0.3),
('dabasi rozsos kenyér',1076,257,10.1,1.8,49.9,467,125,28.6,24,NULL,0.3),
('graham kenyér',1115,267,10.1,1,54,686,295,25,40,NULL,0.3),
('lenmagos barnakenyér',1378,330,14.4,5.7,54.8,790,165,46.7,NULL,NULL,1.5),
('magvas barnakenyér',1253,300,10.9,8.5,44.6,399,203,81.9,79.7,75,0.4),
('rozskenyér',1071,256,8.1,0.9,53.6,467,125,28.6,24,NULL,0.3),
('korpás zsemle. kifli',1055,252,10.5,1.5,48.9,504,373,25.5,150.8,142,0.6),
('zsemle. kifli',1142,273,9.4,0.7,57,630,119,21.1,41,NULL,0.3),
('kuglóf',1471,352,10,8.7,58,20,230,54.1,49.1,58,0.3),
('abonett',1675,401,14.7,1.5,81.7,NULL,NULL,NULL,NULL,NULL,NULL),
('kalács',1685,403,11.8,10.5,64.9,417,169,29.9,18.1,84,0.4),
('kétszersült',1696,406,11.3,4.1,80.4,270,164,58.8,30,NULL,0.4),
('pászka',1538,368,12.3,1.3,76.3,3,140,13,20,3,0.3),
('2 tojásos száraztészta',1470,352,12.4,2.2,70.2,14,141,15.3,19.4,19,0.4),
('4 tojásos száraztészta',1605,384,15,3.4,72.9,248,100,25,22,35,0.3),
('8 tojásos száraztészta',1639,392,17,5,69.3,280,100,25,20,70,0.3),
('durum tészta',1493,357,12.5,1.5,73,1,81,19.9,35.9,NULL,NULL),
('céklakonzerv',265,63,1.3,0.1,13.9,492,263,35,87.7,2,0),
('csalamádékonzerv',188,45,1.3,0.2,9.4,1190,199,22.6,19.5,43,1.3),
('csemege pirosarany',155,37,9,0.1,NULL,3205,255,19.2,15.6,35,NULL),
('ecetes paprika',93,22,1.1,0.3,3.8,790,156,11.8,15.8,61,2.9),
('ketchup',454,109,2.1,0.4,24,860,400,28,18,35,NULL),
('konzerv kukorica',525,126,4.6,1.6,23.1,792,294,6.4,47,24,0.1),
('lecsókonzerv',104,25,1.3,0.3,4.2,34,236,15.1,16.6,83,1.6),
('olivabogyó',578,138,1.4,13.9,1.8,2100,43,96,19,50,NULL),
('paradicsom püre',458,110,5,1,20,590,1050,60,NULL,217,2.3),
('reszelt ecetestorma',567,136,1.9,0.3,31.2,8,397,75.1,25.3,2,NULL),
('savanyú uborka',58,14,0.6,0.1,2.6,960,141,30,8,28,0.1),
('savanyúkáposzta',83,20,1.1,0.2,3.4,355,288,48,14,3,0.1),
('zöldbab konzerv',108,26,1.6,0.2,4.3,275,148,34,20,33,0.1),
('zöldborsó konzerv',248,59,4.2,0.2,10.1,236,99,20,20,43,0),
('articsóka',207,50,2.4,0.1,9.5,47,353,53,26,17,0.2),
('brokkoli',98,24,3.3,0.2,2.1,13,373,105,24,317,0.5),
('cékla',131,31,1.3,0.1,5.9,98,260,34.5,87,2,0),
('cikória',68,16,1.3,0.2,2.3,4,192,25.6,12.9,217,0.1),
('csemegekukorica',536,128,4.7,1.6,23.6,6,300,6.5,48,28,0.1),
('csicsóka',128,31,2.4,0.4,4,NULL,478,10,20,2,NULL),
('cukkini',129,31,1.5,0.4,5.3,NULL,NULL,30,NULL,58,1),
('endivia saláta',53,13,1.8,0.2,0.9,53,346,54,10,190,NULL),
('fejes saláta',69,17,1.4,0.3,2,16,261,28.2,24,133,0.4),
('fekete retek',40,10,1.1,0.2,1,18,322,33,15,1,NULL),
('fokhagyma',560,134,6.8,0.1,26.3,NULL,NULL,38,NULL,NULL,0),
('fõzõtök',127,30,1.1,0.1,6.1,12,98,20,8,50,1),
('kapor',264,63,3.7,0.8,10.2,27,647,230,28,1017,1.7),
('karalábé',160,38,2.1,0.2,6.9,53,300,43,32,33,NULL),
('karfiol',121,29,2.4,0.4,3.9,11,175,28.9,31,33,0),
('kelbimbó',207,50,4.9,0.6,6.1,7,411,30,22,67,0.9),
('kelkáposzta',144,34,3.6,0.3,4.3,42,320,56.8,31,NULL,1.7),
('kígyóuborka',49,12,1,0.1,1.7,13,150,15,8,33,0.1),
('kínaikel',65,16,1.2,0.3,2,7,202,40,11,13,1.7),
('lilakáposzta',132,32,1.7,0.2,5.7,4,266,35,18,5,1.7),
('mirelit brokkoli',98,24,3.3,0.2,2.1,13,373,105,24,298,0.4),
('mirelit karfiol',121,29,2.4,0.4,3.9,11,175,28.9,31,31,0),
('mirelit kelbimbó',207,50,4.9,0.6,6.1,7,411,30,22,63,0.8),
('mirelit kukorica',536,128,4.7,1.6,23.6,6,300,6.5,48,26,0.1),
('mirelit lecsó',85,20,1.1,0.3,3.3,4,188,12.6,17.2,82,2.1),
('mirelit mexikói vegyesfõzelék',319,76,4.2,0.6,13.3,45,328,35.5,41.5,596,0.5),
('mirelit sárgarépa',168,40,1.2,0.2,8.1,125,360,46,18,1880,0.5),
('mirelit sóska',113,27,2.4,0.5,2.3,26,340,113,NULL,548,1.4),
('mirelit spenót',80,19,2.3,0.3,1.8,24,526,133,53,658,2.2),
('mirelit tök',127,30,1.1,0.1,6.1,12,98,20,8,47,0.9),
('mirelit vegyesfõzelék (finom),',246,59,3.8,0.3,10,44,314,40.6,37.7,600,0.5),
('mirelit zöldbab',172,41,2.6,0.3,6.8,1,229,32,29,47,0.1),
('mirelit zöldborsó',372,89,7,0.4,14,7,325,37,64,63,0.3),
('padlizsán',110,26,1.3,0.2,4.8,4,145,13.1,10.8,5,0),
('paradicsom',92,22,1,0.2,4,6,240,14,20,133,0.8),
('paradicsompaprika',130,31,0.9,0.2,6.4,2,177,9,10,NULL,0.7),
('patisszon',128,31,1.2,0.1,6.2,12,98,20,8,50,1),
('petrezselyemgyökér',123,29,1.2,0.1,5.9,34,298,56,9,17,1.7),
('petrezselyemzöld',254,61,4.4,0.4,9.8,33,1000,245,41.1,1217,2.7),
('póréhagyma',154,37,2.2,0.3,6.3,5,225,87,18,3,0.9),
('retek',61,15,1.2,0.1,2.2,59,270,47,8,3,0),
('sárgarépa',168,40,1.2,0.2,8.1,125,360,46,18,2000,0.6),
('snidling',115,27,3.6,0.7,1.6,3,434,129,44,50,1.6),
('sóska',113,27,2.4,0.5,2.3,26,340,113,NULL,583,1.6),
('spárga',68,16,2,0.1,1.8,20,240,7,20,5,2),
('spenót',80,19,2.3,0.3,1.8,24,526,133,53,700,2.5),
('sütõtök',325,78,1.5,0.6,16.5,7,351,40,NULL,667,1),
('fejeskáposzta',135,32,1.6,0.2,5.7,13,216,33.3,24,7,1.7),
('torma',328,78,2.7,0.4,15.9,9,554,105,33,3,NULL),
('uborka',49,12,1,0.1,1.7,13,150,15,8,33,0.1),
('vöröshagyma',165,40,1.2,0.1,8.3,9,175,31,11,5,0.1),
('zeller',129,31,1.4,0.3,5,77,370,68,9.3,3,0.8),
('zöldbab',172,41,2.6,0.3,6.8,1,229,32,29,50,0.1),
('zöldborsó',372,89,7,0.4,14,7,325,37,64,67,0.4),
('zöldpaprika',82,20,1.2,0.3,3,3,165,12,16,67,3.1),
('csiperke',162,39,5.9,0.2,3.3,8,254,45,13,2,0.1),
('csiperke konzerv',108,26,2.3,0.5,3,319,127,19,15,NULL,0),
('laskagomba',159,38,1.9,0.7,6,NULL,NULL,NULL,NULL,NULL,0.1),
('vargánya',167,40,5.7,0.2,3.8,6,580,7,12,NULL,0.2),
('burgonya',392,94,2.5,0.2,20,5,340,12,28,2,0.1),
('burgonyapehely',1358,325,8.6,0.6,71,160,1150,30,NULL,NULL,NULL),
('alma',145,35,0.4,0.4,7,4,112,10.5,11,8,0.5),
('ananász',220,53,0.4,0.1,12,2,173,16,17,10,0.1),
('avokádó',737,176,2,15.3,7.4,10,599,11,39,61,1.3),
('banán',439,105,1.3,0.1,24.2,22,500,110,60,33,0.3),
('besztercei szilva',252,60,0.7,0.2,13.1,4,240,16,16,33,0.8),
('birsalma',207,49,0.6,0.9,9.1,9,189,66,10,6,NULL),
('citrom',128,31,0.4,0.6,2.3,4,275,14,20,3,0.8),
('cseresznye',270,65,0.8,0.3,14,8,174,16.3,16,13,0.1),
('csipkebogyó',276,66,3.6,1.3,8,146,291,50,104,NULL,NULL),
('cukordinnye',196,47,0.3,0.1,11.1,8,210,12.6,20,NULL,0.1),
('egres',167,40,0.6,0.2,8,6,183,36.4,15,33,0.4),
('eper',162,39,0.9,0.4,7.2,5,145,28.1,18,8,0.1),
('fekete áfonya',378,90,0.6,0.6,19.6,1,65,10,2.4,22,NULL),
('fekete ribizli',207,49,0.9,0.2,9.5,8,187,39.8,17,17,1),
('görögdinnye',130,31,0.5,0.2,6.5,5,147,19.4,15,NULL,0.1),
('gránátalma',322,77,0.7,0.6,16.7,NULL,NULL,NULL,NULL,7,NULL),
('grapefruit',151,36,0.5,0.2,7.2,2,180,18,10,3,0.3),
('kiwi',255,61,1,0.6,11.3,4,295,38,23.8,8,NULL),
('körte',222,53,0.4,0.3,12,2,100,15.7,10,5,0.4),
('málna',145,35,1.2,0.3,5.4,4,172,27.3,24,13,0.5),
('mandarin',196,47,0.7,0.3,9.8,1,210,23,11,67,NULL),
('mangó',304,73,0.5,0.3,17,2,156,10,9,389,1.1),
('meggy',236,56,0.8,0.5,11,5,186,31.3,15,50,0.1),
('mirelit cseresznye',270,65,0.8,0.3,14,8,174,16.3,16,13,0.1),
('mirelit egres',167,40,0.6,0.2,8,6,183,36.4,15,31,0.3),
('mirelit földieper',162,39,0.9,0.4,7.2,5,145,28.1,18,8,0.1),
('mirelit málna',145,35,1.2,0.3,5.4,4,172,27.3,24,13,0.4),
('mirelit meggy',236,56,0.8,0.5,11,5,186,31.3,15,47,0.1),
('mirelit ribizli',160,38,0.6,0.2,7,3,316,56.8,10,6,0.2),
('mirelit szilva',198,47,0.8,NULL,10.2,4,240,16,16,33,0.7),
('narancs',173,41,0.6,0.2,8.5,3,255,43.8,22,17,0.2),
('naspolya',223,53,0.6,NULL,12,5,231,49,11,NULL,NULL),
('nektarin',231,55,0.9,0.5,11.8,NULL,212,5,8,74,0.9),
('õszibarack',173,41,0.7,0.1,9,4,183,8.7,14,67,1.8),
('papaya',180,43,0.6,0.1,9.8,3,257,24,10,28,1.1),
('piros ribizli',160,38,0.6,0.2,7,3,316,56.8,10,7,0.2),
('ringló szilva',254,61,0.8,NULL,13.5,1,243,14,9.6,30,0.7),
('sárgabarack',207,49,0.9,0.1,10.2,6,226,13.8,14,300,0.5),
('sárgadinnye',169,40,0.3,0.1,9.5,8,210,12.6,20,300,0.1),
('szeder',162,39,0.8,1,6,3,160,52,22,50,0.7),
('szilva',198,47,0.8,NULL,10.2,4,240,16,16,35,0.8),
('szõlõ',337,81,0.6,0.3,18.1,2,195,28.2,14,50,0.4),
('alma befõtt',361,86,0.3,0.3,20.2,1,72,6,3.5,NULL,0.2),
('ananász befõtt',368,88,0.4,0.2,20.2,1,75,13,8,7,0),
('aszalt alma',1052,252,1.4,1.6,55.4,10,622,32,NULL,NULL,NULL),
('aszalt füge',1026,246,3.5,1.3,54,40,850,193,70,8,NULL),
('aszalt õszibarack',1264,302,4.9,1,65.9,9,1340,44,54,83,NULL),
('aszalt sárgabarack',1282,307,5,0.5,70.2,11,1370,82,50,770,NULL),
('aszalt szilva',917,219,2.3,0.6,47.4,8,824,41,27,23,NULL),
('banánchips',1895,453,3.4,20.2,62.9,57,1300,286,156,72,6.1),
('birsalmabefõtt',376,90,0.4,0.5,20.4,6,114,39.7,6,3,NULL),
('cseresznyebefõtt',357,85,0.6,0.2,19.8,6,122,11.5,11.2,8,0.1),
('datolya',1179,282,1.9,0.5,66.3,35,650,63,50,5,NULL),
('eper befõtt',320,77,0.6,0.2,18.1,4,107,7,22,NULL,0),
('kókuszreszelék',2545,609,5.6,62,6.4,28,750,22,90,NULL,NULL),
('körte befõtt',404,97,0.3,NULL,23.7,6,66,7,4,2,0.2),
('mazsola',1201,287,2.4,NULL,65,36,1000,110,43,5,NULL),
('meggy befõtt',378,90,0.6,0.2,20.8,2,135,12,21,25,0.1),
('mirelit gesztenyemassza',915,219,2.9,0.9,49.5,1,332,56.9,28.9,3,0.5),
('õszibarack befõtt',367,88,0.5,NULL,21.2,3,130,3.9,5.4,45,0.5),
('sárgabarack befõtt',312,75,0.5,0.1,17,13,196,11,9.6,283,0.2),
('szilva befõtt',378,90,0.4,NULL,21.9,12,118,10.3,NULL,140,0.4),
('áfonya lekvár',1016,243,0.3,NULL,59.7,NULL,64,NULL,NULL,NULL,NULL),
('birsalma lekvár',996,238,0.2,NULL,58.8,NULL,NULL,NULL,NULL,NULL,NULL),
('csipkebogyó lekvár',989,237,0.5,NULL,58,5,165,71,130,NULL,NULL),
('eper lekvár',990,237,0.4,NULL,58.2,NULL,62,9.5,NULL,NULL,NULL),
('málna lekvár',1081,259,0.5,NULL,63.3,7,56,NULL,NULL,NULL,NULL),
('meggy lekvár',1203,288,0.4,NULL,70.3,11,90,9,NULL,NULL,NULL),
('ribizli lekvár',1048,251,0.2,NULL,61.6,NULL,NULL,NULL,NULL,NULL,NULL),
('sárgabarack lekvár',1098,263,0.4,NULL,64.5,18,133,21,18,333,NULL),
('szeder lekvár',1015,243,0.5,0.4,58.7,6,42,NULL,NULL,NULL,NULL),
('szilva lekvár',948,227,1.3,NULL,54,26,500,50,26,83,NULL),
('vegyesíz',1034,247,1,NULL,60,47,225,35,47,NULL,NULL),
('Gyümölcslevek. zöldséglevek. üdítõitalok',,,0.2,0,3.1,0,55,4.4,4,3,NULL),
('citromlé',76,18,0.1,NULL,14,2,116,6.9,4.2,8,NULL),
('friss almalé',244,58,0.4,0.1,7.7,1,138,11,10,8,NULL),
('friss citromlé',189,45,0.6,0.1,8.6,1,142,9.6,9,1,NULL),
('friss grapefruitlé',173,41,0.8,0,3.1,5,236,15,9.5,90,0.2),
('friss paradicsomlé',67,16,Fehérje g,Zsír g,Szénhidrát g,Nátrium mg,Kálium mg,Kalcium mg,Magnézium mg,Retinol ekv. µg,ENULLvitamin mg),
('Élelmiszerek. nyersanyagok',Energia kJ,Energia kcal),),,,,,
('100 g',,,0.6,NULL,4.8,52,219,27,8,437,0.5),
('friss sárgarépalé',98,23,0.7,0.2,10.9,1,157,11,12,NULL,NULL),
('friss narancslé',NULL,214,0.2,NULL,12.2,8,34,13,8.8,NULL,NULL),
('friss szõlõlé',231,55,0.3,0.4,1.4,47,282,27,30,NULL,NULL),
('kókusztej',43,10,NULL,NULL,5.1,NULL,NULL,NULL,NULL,NULL,NULL),
('light rostos õszibaracklé',85,20,NULL,NULL,4.6,NULL,NULL,NULL,NULL,NULL,NULL),
('light rostos sárgabaracklé',78,19,0,NULL,2.8,0,23,1.4,0.8,1,NULL),
('light szõrt almalé',49,12,0.7,0.2,10.1,1,172,15,12,12,NULL),
('narancslé light',201,48,0.2,0.1,14.8,1,40,6.3,4,2,0.1),
('rostos körtelé 40%NULLos',256,61,0.3,0,13.6,1,73,3.5,5.6,20,0.4),
('rostos õszibaracklé 40%NULLos',237,57,0.4,0.1,14.1,2,91,5.6,5.6,91,0.1),
('rostos sárgabaracklé 40 %NULLos',251,60,0,NULL,14.7,0,14,0.9,0.5,1,NULL),
('szõrt almalé 12%NULLos',248,59,0.3,0.1,14.4,0,63,4.5,4.8,4,NULL),
('szõrt narancslé 40%NULLos',253,61,0,NULL,14.5,1,4,1.6,1.1,NULL,NULL),
('szõrt szõlõlé 12%NULLos',246,59,NULL,NULL,0.1,16,2,4,1,NULL,NULL),
('cola light üdítõ',2,0,NULL,NULL,10.5,4,1,3,1,NULL,NULL),
('cola üdítõ',176,42,NULL,NULL,61.9,280,26,NULL,NULL,NULL,NULL),
('csipkeszörp',1040,249,NULL,NULL,8.7,7,1,3,1,NULL,NULL),
('gyömbér üdítõ',146,35,NULL,NULL,65.8,2,90,16,7,NULL,NULL),
('málnaszörp',1105,264,2.4,1.5,53.2,43,674,34,83,NULL,NULL),
('narancs szörp',1052,252,NULL,NULL,12,NULL,NULL,NULL,NULL,NULL,NULL),
('narancs üdítõ',202,48,NULL,NULL,8.8,4,NULL,1,NULL,NULL,NULL),
('tonic üdítõ',148,35,NULL,NULL,5.9,3,50,3,NULL,1,NULL),
('barnasör',214,51,NULL,NULL,4.6,5,38,4,9,NULL,NULL),
('világos sör',160,38,NULL,NULL,3,2,82,9,10,NULL,NULL),
('fehérbor',315,75,NULL,NULL,4,NULL,NULL,NULL,NULL,NULL,NULL),
('félédes pezsgõ',332,79,NULL,NULL,12.5,NULL,NULL,7,9,NULL,NULL),
('vermouth',622,149,NULL,NULL,0.3,4,93,7.6,8.3,NULL,NULL),
('vörösbor',236,56,NULL,NULL,1.7,2,2,NULL,NULL,NULL,NULL),
('konyak',1028,246,NULL,NULL,32.5,NULL,NULL,NULL,NULL,NULL,NULL),
('likõr',1281,306,NULL,NULL,NULL,NULL,NULL,NULL,NULL,NULL,NULL),
('pálinka',1088,260,NULL,NULL,19,NULL,NULL,NULL,NULL,NULL,NULL),
('unicum',1348,323,NULL,NULL,0.1,0,3,1.5,0.3,NULL,NULL),
('whisky',1037,248,20.9,5.2,0.5,95,250,15,30,10,0.3),
('csirkecomb',556,133,21.5,2.5,0.4,76,281,5,30,10,0.3),
('csirkehús',462,111,17.6,17.7,NULL,70,260,10,20,NULL,0.2),
('csirkehús bõrrel',965,231,24.7,1,0.5,76,281,5,30,10,0.2),
('csirkemell',461,110,19,12,0.4,140,292,6,22,70,0),
('kacsahús',780,186,18.5,13.6,0.3,69,315,6,24,70,0),
('pecsenyeliba',830,199,20.5,3.6,NULL,86,289,10,17,2,0.2),
('pulykacomb',481,115,20.5,9.5,0.4,66,315,26,28,2,0.5),
('pulykahús',710,170,24.1,1,NULL,46,333,10,20,2,0.2),
('pulykamell',442,106,19,6.5,0.4,76,281,5,30,10,0.1),
('tyúkhús',572,137,16.9,26.4,0.3,100,350,9,16,30,0.4),
('birkahús',1287,308,19.5,4.5,0.3,100,350,11,25,7,0.2),
('borjúhús',503,120,22.3,1.9,0.5,NULL,NULL,NULL,NULL,NULL,NULL),
('fácánhús',455,109,21,8,0.4,58,383,19,20,10,0.1),
('házinyúlhús',662,158,20.8,1.9,0.4,60,309,5,NULL,NULL,NULL),
('õzhús',428,102,19.7,12.7,0.3,90,327,15,17,30,0.4),
('sovány bárányhús',816,195,20.7,3.9,0.6,61,330,7,29,NULL,NULL),
('szarvashús',505,121,21.6,2.4,0.4,NULL,NULL,NULL,NULL,NULL,NULL),
('vaddisznóhús',460,110,22.7,3.1,0.5,NULL,NULL,NULL,NULL,NULL,0),
('vadkacsa',507,121,19,4.4,0.6,50,360,10,36,12,0.2),
('bélszín',496,119,19,14,0.6,58,342,11,22,15,0.4),
('közepes zsírtartalmú marhahús',858,205,17,19,0.6,60,263,2,17,15,0.4),
('marhafelsál',1014,243,16,19,0.6,60,263,2,17,15,0.4),
('lapos marhahátszín',1026,246,20,18,0.6,60,263,2,17,15,0.4),
('puha marhahátszín',997,239,19,6.2,0.6,50,360,10,36,3,0.2),
('marhatarja',564,135,21,6.2,0.6,50,360,10,36,3,0.2),
('sovány marhahús',597,143,16,21,0.5,60,263,2,NULL,15,0.9),
('zsíros marhahús',1071,256,16,29,0.3,55,204,6,NULL,8,0.1),
('csülök',1370,328,17.5,23.9,0.3,68,301,13.2,41,8,0.1),
('közepes zsírtartalmú sertéshús',1202,288,12,42,0.3,42,169,10.9,29,8,0.1),
('oldalas',1794,429,21,8.1,0.4,84,366,16.9,42,8,0.1),
('sovány sertéshús. comb. karaj',666,159,12,42,0.3,42,169,10.9,29,8,0.1),
('zsíros sertéshús',1794,429,16.8,46.5,NULL,1200,200,4,15,8,0.2),
('angolszalonna',2040,488,11,2.9,0.6,2288,147,14.3,11.2,8,0),
('aszpikos uborkás sonka',302,72,14.7,15.6,2.7,730,182,NULL,24.3,NULL,NULL),
('baromfipárizsi',881,211,14.7,15.6,2.7,730,182,NULL,24.3,NULL,NULL),
('baromfivirsli',881,211,19.8,41.9,0.3,1605,480,36,39,8,0.3),
('csabai csípõskolbász',1922,460,10,45,NULL,1200,200,4,15,NULL,0.2),
('császárszalonna',1869,447,16.3,29.8,0.3,1500,226,10,22,8,0.1),
('cserkészkolbász',1405,336,22.2,1.4,7,921,416,17.6,32.1,7,0.1),
('csirkesonka',543,130,15.7,27,0.2,1160,290,7.5,19,8,0.2),
('debreceni',1288,308,14.5,28.3,0.2,1750,130,26,22,8,0.1),
('disznósajt',1317,315,17.8,35.5,0.3,1710,350,44,57,8,0.2),
('fõzõkolbász',1646,394,15,15,0.3,1600,270,15,24,8,NULL),
('füstölt fõtt tarja',824,197,15.5,25.4,0.3,1120,182,32,39,8,0.1),
('füstöltkolbász',1226,293,17.2,33,0.1,2030,400,27,44,8,0.1),
('füstölt sertés sonka',1538,368,22.6,7.1,0.4,445,314,24.4,25,8,0.1),
('gépsonka',655,157,15.1,11.2,2.3,1159,286,19.1,19.1,30,0.3),
('hamburgerpogácsa',715,171,11.9,18.2,0.2,910,250,20.4,32,8,0.1),
('krinolin',891,213,16.3,22.9,0.3,1050,226,28,22,8,0.1),
('lecsókolbász',1145,274,13.8,22,2,1120,212,12,59,8,0.1),
('löncshús',1097,262,11.2,18.2,2,2106,232,16,18,NULL,NULL),
('marhapárizsi',910,218,13.7,30.8,0.3,1680,256,8,13,8,0.2),
('mortadella',1399,335,13.7,30.8,0.3,1680,256,8,13,8,0.2),
('olasz felvágott',1399,335,19.6,45.8,0.3,1600,480,18,39,8,0.3),
('paprikás szalámi',2066,494,11.9,18.2,0.2,910,250,20.4,32,8,0.1),
('sertéspárizsi',891,213,22.8,42,NULL,776,160,44.9,37.1,1,0.1),
('pulykakolbász',1971,471,17,2.8,4.2,851,290,72,23.5,1,NULL),
('pulykasonka',462,111,18.5,19.1,3.5,890,432,35.2,51,4,0.1),
('rakott nyelv',1090,261,13,19,3.9,774,91,299.2,16.7,NULL,NULL),
('sajtos baromfipárizsi',1002,240,21.2,8.2,0.2,1310,426,32,52,8,0.1),
('sonkaszalámi',669,160,22.7,42,NULL,1120,530,44,57,8,0.2),
('sütnivaló kolbász',1969,471,20,32.1,0.3,1605,182,32,15,8,0.2),
('szárazkolbász',1554,372,10.3,14.6,2.4,741,269,24.6,33.8,195,0.2),
('tavaszi felvágott',767,183,25.1,46.1,0.3,1700,400,18,39,8,0.3),
('téliszalámi',2169,519,17.5,41,0.3,1545,360,34,17,8,0.3),
('túristaszalámi',1849,442,12.5,20,0.2,1000,250,20.4,32,8,0.1),
('sertés virsli',969,232,15.6,19.9,0.6,1000,250,20.4,32,8,0.1),
('zalai felvágott',1024,245,19.2,4.1,3.6,87,316,8.7,19,3920,0.2),
('borjúmáj',540,129,20,3.7,3,68,218,18,13,11600,0.4),
('csirkemáj',526,126,17.3,5.8,0.7,111,262,22,17,9,1.2),
('csirkeszív',523,125,16.6,2.4,0.3,66,111,5.6,21.8,9,1.2),
('csirkezúza',375,90,15.9,27.7,0.3,1100,195,10,27,1500,0.2),
('kenõmájas',1319,316,16.4,4.3,6.3,140,230,43,24,NULL,NULL),
('libamáj',543,130,14.6,11.4,10.1,903,255,17.4,24.7,830,0.2),
('májashurka',845,202,20.9,3.1,3.6,120,332,12.8,34,4000,0.7),
('marhamáj',529,127,15.9,11.2,NULL,130,224,30,22,NULL,0.1),
('sertéspacal',690,165,10.6,9,NULL,153,312,10,20,NULL,1.2),
('sertés agyvelõ',518,124,19.5,5.3,2.5,77,368,16.4,38,4500,0.2),
('sertésmáj',570,136,13.4,21,5.9,738,173,10,15,950,0.2),
('sertésmájkrém',1118,267,16.8,16,0.5,127,314,18.8,33,6,0.1),
('sertésnyelv',895,214,20.1,2.9,0.6,224,299,16.7,27,60,0.5),
('sertéstüdõ',457,109,18.5,0.1,0.1,207,185,5,20,30,NULL),
('sertésvér',316,76,17,5,0.3,160,284,17.6,33,302,0.4),
('sertésvese',480,115,12.2,19.4,6.4,949,154,11.9,21.4,12,0.1),
('véreshurka',1047,250,15,24.5,NULL,65,217,17,21,980,NULL),
('angolna',1178,282,17.8,5.5,NULL,NULL,NULL,NULL,NULL,NULL,NULL),
('balin',507,121,18,1.9,0.6,70,210,130,40,NULL,NULL),
('busa',384,92,18.4,0.9,NULL,63,250,20,25,15,0.2),
('csuka',341,82,19,0.8,0.2,81,237,27,18,20,0.2),
('fogassüllõ',353,84,15.8,2,0.2,105,282,20,27,20,2.1),
('harcsa',343,82,18.2,17.8,NULL,117,360,34,31,38,1.5),
('hering',979,234,16.6,5.5,0.2,31,478,53.3,59.9,4,2.6),
('keszeg',490,117,20,14,0.2,51,371,13,29,65,1.3),
('lazac',869,208,18.7,11.9,NULL,95,396,12,30,100,1.3),
('makrela',764,183,21.5,2.9,NULL,40,465,18,27,45,0.7),
('pisztráng',471,113,15.8,8.7,0.1,50,310,30,30,44,0.5),
('ponty',596,143,19.4,4.5,NULL,100,NULL,85,24,20,0.3),
('szardínia',498,119,12.7,0.7,0.8,NULL,216,21.3,NULL,NULL,NULL),
('tintahal',254,61,21.5,15.5,NULL,43,NULL,40,50,450,NULL),
('tonhal filé',947,227,17.7,0.6,1.2,72,356,24,25,7,1),
('tõkehal filé',342,82,14.4,2.2,NULL,582,145,30,39,84,3.5),
('kagyló',325,78,19.5,2,2,NULL,140,55,50,84,3.5),
('kagylókonzerv',437,104,26,16,4.6,1940,164,51,NULL,600,NULL),
('kaviár',1119,268,18.9,28,NULL,NULL,NULL,15,NULL,108,0.9),
('makrela konzerv',1376,329,22.5,21.4,NULL,505,397,330,39,60,1.7),
('olajos szardínia',1187,284,23.8,21.5,NULL,590,248,13,43,372,1.2),
('olajos tonhal',1213,290,15.9,33.8,NULL,74,370,60,27,20,2.3),
('olajoshal konzerv',1545,370,11.1,11,NULL,NULL,120,53,12,13,2.3),
('pácolt hering',602,144,14.8,15,NULL,526,352,49,61,240,1),
('paradicsomos halkonzerv',816,195,20.5,1.1,2.2,630,100,110,27,150,2.4),
('rák',423,101,22.9,1.8,1.1,1000,110,120,32,150,2.4),
('rákkonzerv',471,113,19.8,3.4,48.8,27,810,110,108,30,NULL),
('csicseriborsó',1282,307,10.8,0.4,29,2,334,31.7,64.8,75,0.1),
('fejtettbab',684,164,26,1.9,53,10,1150,74,134,17,1.3),
('lencse',1399,335,21.7,1.5,53.1,10,1210,49,126,13,4.9),
('sárgaborsó',1313,314,27.2,1.3,60.5,NULL,NULL,NULL,NULL,NULL,NULL),
('sárgaborsóliszt',1523,364,21.9,1,54.1,8,1120,106,217,250,0.2),
('szárazbab',1315,314,37,18.1,27,4,1800,257,247,63,1.5),
('szójabab',1759,421,5.5,1,4.7,30,235,32,18.5,4,NULL),
('szójacsíra',210,50,47,2,31,4,1800,200,240,NULL,NULL),
('szójagranulátum',1386,332,47,2,31,4,1800,200,240,NULL,NULL),
('szójakocka',1386,332,41.6,28.5,22.1,4,1800,200,240,13,1.5),
('szójaliszt',2147,514,12.3,15.5,14.1,788,459,50.6,61,1,6.1),
('szójapárizsi',1030,246,42,25,20,4,1800,200,240,NULL,1.5),
('szójapehely',1987,475,35.3,12.9,32.6,1403,1222,190.7,159.3,1,6.5),
('szójás fasírtpor',1630,390,10.5,0.1,5.6,5586,212,20,40,NULL,NULL),
('szójaszósz',274,66,2.8,1.9,1.8,12,141,4,19,3,0),
('szójatej',149,36,8.1,4.2,0.6,4,63,150,23,NULL,1),
('tofu (szójatúró),',305,73,3.5,0.5,11.4,45,148,120,17,18,0.1),
('kakaós tej',269,64,3.2,1.5,12.5,45,148,120,17,18,0.1),
('karamellás tej',320,77,3.6,3.9,4.7,80,50,130,13,66,NULL),
('kecsketej',287,69,3.5,0.1,4.8,53,150,123,14,NULL,0),
('tej. 0%NULLos',142,34,3.4,1.5,5.3,53,160,114,18,14,0),
('tej. 1.5%NULLos',203,49,3.4,2.8,5.3,45,148,120,17,18,0.1),
('tej. 2.8%NULLos',252,60,3.4,3.6,5.3,45,148,120,17,23,0.1),
('tej. 3.6%NULLos',282,68,16.2,7,3.7,18,65,80,6,44,0.1),
('félzsíros tehéntúró',599,143,18.2,21.1,3,15,50,63,5,99,0.3),
('gomolyatúró',1154,276,14.7,22.5,2.8,515,146,400,42,117,0.2),
('juhtúró',1145,274,14.1,0.5,3.8,20,71,90,6,2,0),
('sovány tehéntúró',320,76,13.8,11.3,18,15,53,60.3,5.2,86,0.2),
('vaniliás túrókrém',960,230,3.4,0.1,4.6,120,181,120,16,2,0),
('0%NULLos joghurt',143,34,2.9,3,5.1,97,174,101.6,16.4,25,0.1),
('cukormentes gyümölcsjoghurt',249,60,2.8,2.9,11.2,98,174,97.7,14.3,68,0.1),
('gyümölcsjoghurt',347,83,3.4,3.6,4.6,120,181,120,16,32,0.1),
('joghurt',270,65,3.4,3.6,4.6,120,181,120,16,32,0.1),
('kefir',270,65,2.3,26,11,34,112,100,10,213,0.8),
('cukrozott tejszínhab',1206,289,2.6,30,3,34,112,100,10,225,0.8),
('habtejszín',1228,294,2.8,1.6,18,36,119,91.3,8.8,12,0.1),
('joghurthab',410,98,3.3,16,3.9,40,132,105,11.2,120,0.3),
('kávétejszín',726,174,36,2,50.3,650,1235,1200,110,12,0),
('sovány tejpor',1525,365,8.5,7,54.9,88,360,300,27,58,0.2),
('sõrített tej',1330,318,2.8,11,4.3,53,144,100,11,113,0.4),
('tejföl 12%NULLos',535,128,3.3,20,3.8,35,148,130,14,113,0.4),
('tejföl 20%NULLos',875,209,25.5,27,37,650,1235,1200,110,253,0.8),
('zsíros tejpor',2071,495,24.2,26,1.8,970,109,600,66,120,0.4),
('anikó sajt',1420,340,21.5,23,1.5,970,110,570,17,362,0.5),
('bakony camembert sajt',1256,300,11.5,24.9,1.5,1120,66,500,52,NULL,0.7),
('boci krémsajt',1160,277,16.5,26.4,1.7,1120,66,500,52,NULL,0.7),
('camping krémsajt',1304,312,26.8,29.1,1.5,800,150,800,30,190,1),
('chester cheddar sajt',1575,377,26.2,26.6,1.7,800,150,800,30,260,0.4),
('edámi sajt',1474,353,27.8,29.4,1.5,800,150,800,30,317,0.4),
('ementáli sajt',1604,384,14.2,21.3,4.1,1116,62,492.5,19.2,128,0),
('fetasajt',1112,266,25.2,26.6,1.7,800,150,800,30,160,0.4),
('zalai füstölt sajt',1457,349,24.9,27.4,2.2,819,121,699.8,29,174,0.4),
('goudasajt',1494,357,22.2,23.3,1.4,1000,134,400,27,333,0.6),
('göcseji sajt',1277,306,21,23.4,2,1000,134,460,27,133,0.6),
('hóvirág sajt',1271,304,15.5,23.7,1.9,1120,66,500,52,NULL,0.7),
('ízesített kenhetõ sajt',1188,284,22.3,27.3,1.9,1170,152,460,NULL,133,0.6),
('karaván füstölt sajt',1439,344,23.6,28.7,1.4,654,67,400,NULL,333,0.6),
('kaskavál juhsajt',1505,360,21.6,29.8,2.5,515,158,298,29,400,0.6),
('kecskesajt',1533,367,30.5,10,1.6,800,180,400,NULL,70,0.3),
('köményes sajt',917,219,20,29.7,2,1450,400,526,39,160,0.8),
('márványsajt',1492,357,19.4,21.6,2.2,373,67,517,18.6,241,0.4),
('mozarella sajt',1180,282,29.6,18.5,1.7,1300,180,600,56,107,0.4),
('óvári sajt',1225,293,26.8,28.9,1.6,700,150,850,50,390,0.9),
('parmezán sajt',1570,375,21.5,30.6,2,1809,91,661.8,29.5,300,NULL),
('rokfort sajt',1554,372,2.8,26.2,3.1,500,120,180,NULL,153,0.7),
('tejszínkrémsajt',1089,261,27.8,16.3,1.9,800,95,800,59,177,0.2),
('tenkes sajt',1115,267,18.2,33.4,1.4,944,105,400,29,630,0.8),
('tihany séd brie sajt',1592,381,27.7,28.1,1.6,970,109,600,66,260,0.4),
('trappista sajt',1554,372,25.7,8.4,2,1400,104,400,48,38,0.8),
('túra sajt',783,187,16.7,25,2,1120,66,500,52,123,0.6),
('zsíros kockasajt',1259,301,15.6,63.5,8.7,2,600,290,140,5,26.2),
('bokormogyoró',2809,672,18.7,26.9,23.8,3,614,69.7,285,NULL,3.5),
('dejó',1731,414,18.6,57,11.7,11,544,202,256,8,6.2),
('dió',2664,637,24.4,30.9,NULL,NULL,NULL,198,NULL,NULL,NULL),
('lenmag',1578,377,20.5,38.2,23.9,17,1105,968,506,NULL,4.9),
('mák',2190,524,27.6,52.2,6.8,8,890,238,368,17,24.8),
('mandula',2551,610,22.5,49,12.3,2,725,98,420,NULL,NULL),
('napraforgó',2437,583,16.2,48.2,28.5,17,530,41,255,NULL,1.6),
('olajos pörkölt kesudió',2573,616,20.8,51.6,12.5,NULL,1020,136,158,25,5.2),
('pisztácia',2510,600,26.4,49.4,8.9,6,777,65,182,NULL,8.8),
('pörkölt földimogyoró',2460,589,24.6,45.9,8.3,2758,723,60.5,169.3,NULL,8.2),
('sós földimogyoró',2288,547,26.3,54.8,9.4,20,570,670,370,1000,2.5),
('szezámmag',2670,639,26.3,54.8,9.4,20,570,670,370,1000,2.5),
('szezámpehely',2670,639,4.8,1.5,32.6,2,553,94.6,48,5,1.2),
('szelídgesztenye',685,164,33.9,51.5,3.6,10,920,66.5,970,NULL,38.5),
('tökmag',2577,616,13.5,12,0.6,144,147,42.2,12,220,0.7),
('tojás',690,165,12.8,0.3,0.7,170,154,17,12,NULL,NULL),
('tojásfehérje',238,57,16.1,31.7,0.3,51,138,80,16,550,2.1),
('tojássárga',1474,353,2.2,4.5,27.8,110,99,75,NULL,130,NULL),
('fagylalt. jégkrém',674,161,7.2,4.5,71.5,20,95,24,12.1,26,0.2),
('mézespuszedli',1494,357,5.6,27.3,53.7,94,126,67.4,13.8,117,1.2),
('citromos nápolyi',2032,486,8.2,11,78.8,387,139,47,23,NULL,0.4),
('édes keksz',1877,449,5.8,29.2,62,11,434,80,126,6,NULL),
('étcsokoládé',2243,537,11.6,1.2,72.1,200,137,13,20,3,0.4),
('félkész réteslap',1454,348,9.8,6.8,78,392,73,25,32,NULL,0.4),
('háztartási keksz',1732,414,6.6,28.3,54.1,96,193,71.9,38.9,118,1.2),
('kakaós nápolyi',2091,500,14.4,13.8,59.8,790,427,52.9,107.1,103,4.1),
('korpáskeksz',1767,423,8,24.9,57.4,5,209,43,120,NULL,9.1),
('marcipán',2041,488,6.5,31,57,NULL,NULL,120,80,31,NULL),
('mogyorókrém',2239,536,9.7,0.5,75,1800,120,150,29,NULL,0.3),
('ropi',1442,345,10.2,24.9,39.1,938,117,95.5,20,108,0.8),
('sajtos tallér',1770,423,8,18.8,58.3,894,94,12.5,12.6,153,1.2),
('sóskeksz',1824,436,8.4,30.3,56.8,58,449,220,55,8,0),
('tejcsokoládé',2240,536,NULL,NULL,97.4,2,90,55,14,NULL,NULL),
('barnacukor',1636,391,NULL,NULL,99.9,0,2,0.6,0.2,NULL,NULL),
('cukor',1678,402,0.4,NULL,81,7,47,40,5.5,NULL,NULL),
('méz',1368,327,0.4,0.1,84.2,3,7,NULL,2,NULL,NULL),
('pudingpor',1424,341,9,73,NULL,1400,14,2,7,NULL,0.1),
('füstölt szalonna',2911,696,0.5,99,NULL,1,NULL,NULL,NULL,NULL,2.7),
('libazsír',3751,897,0.1,99.7,NULL,1,1,1,1,9,1.6),
('sertészsír',3770,902,12.1,83.2,NULL,NULL,NULL,NULL,NULL,NULL,0.1),
('tepertõ',3348,801,NULL,99.8,NULL,0,NULL,NULL,NULL,30000,3.3),
('tõkehalmáj olaj',3772,902,NULL,99.5,NULL,NULL,NULL,NULL,NULL,NULL,2.7),
('tyúkzsír',3761,900,0.4,80,0.5,11,16,25,2,783,2.2),
('vaj',3039,727,2.5,40,2,6,8,12.5,1,278,1.1),
('vajkrém',1588,380,NULL,99.5,NULL,NULL,NULL,NULL,NULL,NULL,215.4),
('búzacsíraolaj',3761,900,1.6,35,0.4,400,7,12,0.5,697,6),
('margarin. 35% zsírtartalmú',1357,325,0.2,55,0.4,400,7,12,0.5,697,6),
('margarin. 55% zsírtartalmú',2089,500,NULL,99.5,NULL,NULL,NULL,NULL,NULL,NULL,3.2),
('dióolaj',3761,900,0.2,80,0.4,400,NULL,NULL,NULL,697,16),
('fõzõmargarin',3033,726,NULL,99,0,NULL,NULL,NULL,0.2,NULL,2.1),
('kókuszzsír',3742,895,NULL,100,NULL,1,1,15,NULL,23,33.8),
('kukoricaolaj',3780,904,NULL,99.5,NULL,NULL,NULL,NULL,NULL,NULL,2.1),
('lenmagolaj',3761,900,0.2,70,0.4,400,7,12,0.5,680,5),
('margarin 70 % zsírtartalmú',2656,635,NULL,99.8,NULL,NULL,NULL,NULL,NULL,5,55.8),
('napraforgó olaj',3772,902,NULL,99.6,NULL,NULL,NULL,NULL,NULL,37,12),
('olivaolaj',3765,901,NULL,99.8,NULL,NULL,NULL,NULL,NULL,550,15.3),
('repceolaj',3772,902,NULL,99.5,NULL,NULL,NULL,NULL,NULL,NULL,4.1),
('szezámolaj',3761,900,NULL,99.8,NULL,NULL,NULL,NULL,NULL,583,93),
('szójaolaj',3772,902,NULL,99.8,NULL,NULL,NULL,NULL,NULL,NULL,NULL),
('tökmagolaj',3772,902,2,0.2,4.4,90,211,47,17,NULL,NULL),
('cukormentes neskakaó',115,28,16.7,1.2,NULL,34,649,28,NULL,NULL,NULL),
('élesztõ',326,78,4.4,30.7,25.6,796,183,22.2,50.1,5,12.9),
('gabonakolbász',1666,399,18.5,21.7,10.5,35,1600,105,523,7,0.2),
('kakaópor',1307,313,17.3,4,16.1,24000,403,60,50,15,0.1),
('marhahúsleves kocka',712,170,11.2,NULL,8.2,58,4380,168,390,NULL,NULL),
('nescafe',326,78,10.8,4,79.1,504,712,326,83,3,0.2),
('neskakaó',1662,397,12,4.2,77.9,4,301,10,131,20,0.1),
('pattogatott kukorica (olaj nélkül),',1669,399,9,28.1,57.2,884,225,10,108,15,0.1),
('pattogatott kukorica (olajjal),',2174,520,5.5,3.4,81,73,1840,52,244,NULL,1),
('pótkávé',1582,378,26,5.1,0.8,6,1790,302,184,NULL,NULL),
('teafõ',504,121,4.8,35.5,54.9,181,812,22.3,4.1,20,0.3),
('tejszínpótló por',2344,561,0.4,NULL,0.6,20,89,15,22,NULL,NULL),
('ecet 20%NULLos',17,4,3.3,1,9.3,15839,824,140.2,23.9,2338,0.3),
('ételízesítõ',250,60,13,4,63,5,259,10,14,333,2.9),
('fõszerpaprika',1428,342,5.8,10.8,26,1201,155,20.9,9.6,23,4.7),
('halászlékocka',941,225,5.7,6.4,22,760,165,95,48,NULL,NULL),
('mustár',707,169,3.6,13.1,23.3,1782,652,41.8,1.6,137,7),
('spagettikrém',945,226,1.7,25.1,NULL,165,86,42.2,14.8,14,14.4),
('tormás majonéz',977,234,1.7,28.2,12.4,835,100,20.9,7.4,42,13.9),
('ezer sziget salátaöntet',1302,311,0.9,30.9,4.6,47,43,27.2,5.1,8,16.8),
('jogonéz',1258,301,1.3,93.2,0,83,14,6.5,1.5,47,48),
('majonéz',3545,848,2.2,7.7,NULL,4020,308,46.1,31,35,NULL),
('gulyáskrém',328,78),),,,,,